{
  "visible": true,
  "confidence": 0.6340780854225159,
  "left_arm_raise_angle": 37.10743984998497,
  "left_elbow_angle": 82.58810553255705,
  "right_arm_raise_angle": 38.912799058453615,
  "right_elbow_angle": 47.19845962882641,
  "reason": "ok"
}