{
  "visible": true,
  "confidence": 0.8691360354423523,
  "left_arm_raise_angle": 2.481625004645813,
  "left_elbow_angle": 92.91970266151107,
  "right_arm_raise_angle": 5.801699829191402,
  "right_elbow_angle": 99.9616412979698,
  "reason": "ok",
  "source": "roban_video_stream",
  "timestamp": 1780131021.687003
}